{
  "app": {
    "name": "Atlas 4",
    "page": "Cart",
    "owner": "PDS-IMG"
  },
  "license": {},
  "status": {
    "percentComplete": 100,
    "filesDownloaded": 106,
    "totalFiles": 106,
    "totalProducts": 53,
    "failures": 0,
    "elapsedTimeMs": 14092,
    "finishDate": "2026-02-06T00:20:59.335Z",
    "filesChosen": [
      "src",
      "browse"
    ]
  },
  "downloads": {
    "description": "Items downloaded from PDS-IMG Atlas 4. Adjacent directory names correspond to 'items' indices.",
    "items": {
      "0_image": {
        "type": "image",
        "item": {
          "uri": "atlas:pds3:clem:clementine:/cl_0036/lun164/laxxxxxx/laxxxxxv/laa0001v.164",
          "related": {
            "src": {
              "uri": "atlas:pds3:clem:clementine:/cl_0036/lun164/laxxxxxx/laxxxxxv/laa0001v.164",
              "size": 230336
            },
            "browse": {
              "uri": "atlas:pds3:clem:clementine:/cl_0036/extras/browse/lun164/laxxxxxx/laxxxxxv/laa0001v.164.jpeg"
            }
          },
          "release_id": 0
        },
        "index": 0,
        "directory": "0_image"
      },
      "1_image": {
        "type": "image",
        "item": {
          "uri": "atlas:pds3:clem:clementine:/cl_0036/lun164/laxxxxxx/laxxxxxv/laa0005v.164",
          "related": {
            "src": {
              "uri": "atlas:pds3:clem:clementine:/cl_0036/lun164/laxxxxxx/laxxxxxv/laa0005v.164",
              "size": 230336
            },
            "browse": {
              "uri": "atlas:pds3:clem:clementine:/cl_0036/extras/browse/lun164/laxxxxxx/laxxxxxv/laa0005v.164.jpeg"
            }
          },
          "release_id": "0"
        },
        "index": 1,
        "directory": "1_image"
      },
      "2_image": {
        "type": "image",
        "item": {
          "uri": "atlas:pds3:clem:clementine:/cl_0036/lun164/laxxxxxx/laxxxxxv/laa0007v.164",
          "related": {
            "src": {
              "uri": "atlas:pds3:clem:clementine:/cl_0036/lun164/laxxxxxx/laxxxxxv/laa0007v.164",
              "size": 230336
            },
            "browse": {
              "uri": "atlas:pds3:clem:clementine:/cl_0036/extras/browse/lun164/laxxxxxx/laxxxxxv/laa0007v.164.jpeg"
            }
          },
          "release_id": "0"
        },
        "index": 2,
        "directory": "2_image"
      },
      "3_image": {
        "type": "image",
        "item": {
          "uri": "atlas:pds3:clem:clementine:/cl_0036/lun164/laxxxxxx/laxxxxxv/laa0008v.164",
          "related": {
            "src": {
              "uri": "atlas:pds3:clem:clementine:/cl_0036/lun164/laxxxxxx/laxxxxxv/laa0008v.164",
              "size": 230336
            },
            "browse": {
              "uri": "atlas:pds3:clem:clementine:/cl_0036/extras/browse/lun164/laxxxxxx/laxxxxxv/laa0008v.164.jpeg"
            }
          },
          "release_id": 0
        },
        "index": 3,
        "directory": "3_image"
      },
      "4_image": {
        "type": "image",
        "item": {
          "uri": "atlas:pds3:clem:clementine:/cl_0036/lun164/laxxxxxx/laxxxxxv/laa0009v.164",
          "related": {
            "src": {
              "uri": "atlas:pds3:clem:clementine:/cl_0036/lun164/laxxxxxx/laxxxxxv/laa0009v.164",
              "size": 230336
            },
            "browse": {
              "uri": "atlas:pds3:clem:clementine:/cl_0036/extras/browse/lun164/laxxxxxx/laxxxxxv/laa0009v.164.jpeg"
            }
          },
          "release_id": 0
        },
        "index": 4,
        "directory": "4_image"
      },
      "5_image": {
        "type": "image",
        "item": {
          "uri": "atlas:pds3:clem:clementine:/cl_0036/lun164/laxxxxxx/laxxxxxv/laa0010v.164",
          "related": {
            "src": {
              "uri": "atlas:pds3:clem:clementine:/cl_0036/lun164/laxxxxxx/laxxxxxv/laa0010v.164",
              "size": 230336
            },
            "browse": {
              "uri": "atlas:pds3:clem:clementine:/cl_0036/extras/browse/lun164/laxxxxxx/laxxxxxv/laa0010v.164.jpeg"
            }
          },
          "release_id": 0
        },
        "index": 5,
        "directory": "5_image"
      },
      "6_image": {
        "type": "image",
        "item": {
          "uri": "atlas:pds3:clem:clementine:/cl_0036/lun164/laxxxxxx/laxxxxxv/laa0011v.164",
          "related": {
            "src": {
              "uri": "atlas:pds3:clem:clementine:/cl_0036/lun164/laxxxxxx/laxxxxxv/laa0011v.164",
              "size": 230336
            },
            "browse": {
              "uri": "atlas:pds3:clem:clementine:/cl_0036/extras/browse/lun164/laxxxxxx/laxxxxxv/laa0011v.164.jpeg"
            }
          },
          "release_id": 0
        },
        "index": 6,
        "directory": "6_image"
      },
      "7_image": {
        "type": "image",
        "item": {
          "uri": "atlas:pds3:clem:clementine:/cl_0036/lun164/laxxxxxx/laxxxxxv/laa0012v.164",
          "related": {
            "src": {
              "uri": "atlas:pds3:clem:clementine:/cl_0036/lun164/laxxxxxx/laxxxxxv/laa0012v.164",
              "size": 230336
            },
            "browse": {
              "uri": "atlas:pds3:clem:clementine:/cl_0036/extras/browse/lun164/laxxxxxx/laxxxxxv/laa0012v.164.jpeg"
            }
          },
          "release_id": "0"
        },
        "index": 7,
        "directory": "7_image"
      },
      "8_image": {
        "type": "image",
        "item": {
          "uri": "atlas:pds3:clem:clementine:/cl_0036/lun164/laxxxxxx/laxxxxxv/laa0013v.164",
          "related": {
            "src": {
              "uri": "atlas:pds3:clem:clementine:/cl_0036/lun164/laxxxxxx/laxxxxxv/laa0013v.164",
              "size": 230336
            },
            "browse": {
              "uri": "atlas:pds3:clem:clementine:/cl_0036/extras/browse/lun164/laxxxxxx/laxxxxxv/laa0013v.164.jpeg"
            }
          },
          "release_id": 0
        },
        "index": 8,
        "directory": "8_image"
      },
      "9_image": {
        "type": "image",
        "item": {
          "uri": "atlas:pds3:clem:clementine:/cl_0036/lun164/laxxxxxx/laxxxxxv/laa0014v.164",
          "related": {
            "src": {
              "uri": "atlas:pds3:clem:clementine:/cl_0036/lun164/laxxxxxx/laxxxxxv/laa0014v.164",
              "size": 230336
            },
            "browse": {
              "uri": "atlas:pds3:clem:clementine:/cl_0036/extras/browse/lun164/laxxxxxx/laxxxxxv/laa0014v.164.jpeg"
            }
          },
          "release_id": "0"
        },
        "index": 9,
        "directory": "9_image"
      },
      "10_image": {
        "type": "image",
        "item": {
          "uri": "atlas:pds3:clem:clementine:/cl_0036/lun164/laxxxxxx/laxxxxxv/laa0015v.164",
          "related": {
            "src": {
              "uri": "atlas:pds3:clem:clementine:/cl_0036/lun164/laxxxxxx/laxxxxxv/laa0015v.164",
              "size": 230336
            },
            "browse": {
              "uri": "atlas:pds3:clem:clementine:/cl_0036/extras/browse/lun164/laxxxxxx/laxxxxxv/laa0015v.164.jpeg"
            }
          },
          "release_id": 0
        },
        "index": 10,
        "directory": "10_image"
      },
      "11_image": {
        "type": "image",
        "item": {
          "uri": "atlas:pds3:clem:clementine:/cl_0036/lun164/laxxxxxx/laxxxxxv/laa0016v.164",
          "related": {
            "src": {
              "uri": "atlas:pds3:clem:clementine:/cl_0036/lun164/laxxxxxx/laxxxxxv/laa0016v.164",
              "size": 230336
            },
            "browse": {
              "uri": "atlas:pds3:clem:clementine:/cl_0036/extras/browse/lun164/laxxxxxx/laxxxxxv/laa0016v.164.jpeg"
            }
          },
          "release_id": 0
        },
        "index": 11,
        "directory": "11_image"
      },
      "12_image": {
        "type": "image",
        "item": {
          "uri": "atlas:pds3:clem:clementine:/cl_0036/lun164/laxxxxxx/laxxxxxv/laa0017v.164",
          "related": {
            "src": {
              "uri": "atlas:pds3:clem:clementine:/cl_0036/lun164/laxxxxxx/laxxxxxv/laa0017v.164",
              "size": 230336
            },
            "browse": {
              "uri": "atlas:pds3:clem:clementine:/cl_0036/extras/browse/lun164/laxxxxxx/laxxxxxv/laa0017v.164.jpeg"
            }
          },
          "release_id": 0
        },
        "index": 12,
        "directory": "12_image"
      },
      "13_image": {
        "type": "image",
        "item": {
          "uri": "atlas:pds3:clem:clementine:/cl_0036/lun164/laxxxxxx/laxxxxxv/laa0018v.164",
          "related": {
            "src": {
              "uri": "atlas:pds3:clem:clementine:/cl_0036/lun164/laxxxxxx/laxxxxxv/laa0018v.164",
              "size": 230336
            },
            "browse": {
              "uri": "atlas:pds3:clem:clementine:/cl_0036/extras/browse/lun164/laxxxxxx/laxxxxxv/laa0018v.164.jpeg"
            }
          },
          "release_id": 0
        },
        "index": 13,
        "directory": "13_image"
      },
      "14_image": {
        "type": "image",
        "item": {
          "uri": "atlas:pds3:clem:clementine:/cl_0036/lun164/laxxxxxx/laxxxxxv/laa0019v.164",
          "related": {
            "src": {
              "uri": "atlas:pds3:clem:clementine:/cl_0036/lun164/laxxxxxx/laxxxxxv/laa0019v.164",
              "size": 230336
            },
            "browse": {
              "uri": "atlas:pds3:clem:clementine:/cl_0036/extras/browse/lun164/laxxxxxx/laxxxxxv/laa0019v.164.jpeg"
            }
          },
          "release_id": "0"
        },
        "index": 14,
        "directory": "14_image"
      },
      "15_image": {
        "type": "image",
        "item": {
          "uri": "atlas:pds3:clem:clementine:/cl_0036/lun164/laxxxxxx/laxxxxxv/laa0020v.164",
          "related": {
            "src": {
              "uri": "atlas:pds3:clem:clementine:/cl_0036/lun164/laxxxxxx/laxxxxxv/laa0020v.164",
              "size": 230336
            },
            "browse": {
              "uri": "atlas:pds3:clem:clementine:/cl_0036/extras/browse/lun164/laxxxxxx/laxxxxxv/laa0020v.164.jpeg"
            }
          },
          "release_id": 0
        },
        "index": 15,
        "directory": "15_image"
      },
      "16_image": {
        "type": "image",
        "item": {
          "uri": "atlas:pds3:clem:clementine:/cl_0036/lun164/laxxxxxx/laxxxxxv/laa0021v.164",
          "related": {
            "src": {
              "uri": "atlas:pds3:clem:clementine:/cl_0036/lun164/laxxxxxx/laxxxxxv/laa0021v.164",
              "size": 230336
            },
            "browse": {
              "uri": "atlas:pds3:clem:clementine:/cl_0036/extras/browse/lun164/laxxxxxx/laxxxxxv/laa0021v.164.jpeg"
            }
          },
          "release_id": "0"
        },
        "index": 16,
        "directory": "16_image"
      },
      "17_image": {
        "type": "image",
        "item": {
          "uri": "atlas:pds3:clem:clementine:/cl_0036/lun164/laxxxxxx/laxxxxxv/laa0022v.164",
          "related": {
            "src": {
              "uri": "atlas:pds3:clem:clementine:/cl_0036/lun164/laxxxxxx/laxxxxxv/laa0022v.164",
              "size": 230336
            },
            "browse": {
              "uri": "atlas:pds3:clem:clementine:/cl_0036/extras/browse/lun164/laxxxxxx/laxxxxxv/laa0022v.164.jpeg"
            }
          },
          "release_id": 0
        },
        "index": 17,
        "directory": "17_image"
      },
      "18_image": {
        "type": "image",
        "item": {
          "uri": "atlas:pds3:clem:clementine:/cl_0036/lun164/laxxxxxx/laxxxxxv/laa0023v.164",
          "related": {
            "src": {
              "uri": "atlas:pds3:clem:clementine:/cl_0036/lun164/laxxxxxx/laxxxxxv/laa0023v.164",
              "size": 230336
            },
            "browse": {
              "uri": "atlas:pds3:clem:clementine:/cl_0036/extras/browse/lun164/laxxxxxx/laxxxxxv/laa0023v.164.jpeg"
            }
          },
          "release_id": 0
        },
        "index": 18,
        "directory": "18_image"
      },
      "19_image": {
        "type": "image",
        "item": {
          "uri": "atlas:pds3:clem:clementine:/cl_0036/lun164/laxxxxxx/laxxxxxv/laa0024v.164",
          "related": {
            "src": {
              "uri": "atlas:pds3:clem:clementine:/cl_0036/lun164/laxxxxxx/laxxxxxv/laa0024v.164",
              "size": 230336
            },
            "browse": {
              "uri": "atlas:pds3:clem:clementine:/cl_0036/extras/browse/lun164/laxxxxxx/laxxxxxv/laa0024v.164.jpeg"
            }
          },
          "release_id": "0"
        },
        "index": 19,
        "directory": "19_image"
      },
      "20_image": {
        "type": "image",
        "item": {
          "uri": "atlas:pds3:clem:clementine:/cl_0036/lun164/laxxxxxx/laxxxxxv/laa0025v.164",
          "related": {
            "src": {
              "uri": "atlas:pds3:clem:clementine:/cl_0036/lun164/laxxxxxx/laxxxxxv/laa0025v.164",
              "size": 230336
            },
            "browse": {
              "uri": "atlas:pds3:clem:clementine:/cl_0036/extras/browse/lun164/laxxxxxx/laxxxxxv/laa0025v.164.jpeg"
            }
          },
          "release_id": "0"
        },
        "index": 20,
        "directory": "20_image"
      },
      "21_image": {
        "type": "image",
        "item": {
          "uri": "atlas:pds3:clem:clementine:/cl_0036/lun164/laxxxxxx/laxxxxxv/laa0026v.164",
          "related": {
            "src": {
              "uri": "atlas:pds3:clem:clementine:/cl_0036/lun164/laxxxxxx/laxxxxxv/laa0026v.164",
              "size": 230432
            },
            "browse": {
              "uri": "atlas:pds3:clem:clementine:/cl_0036/extras/browse/lun164/laxxxxxx/laxxxxxv/laa0026v.164.jpeg"
            }
          },
          "release_id": "0"
        },
        "index": 21,
        "directory": "21_image"
      },
      "22_image": {
        "type": "image",
        "item": {
          "uri": "atlas:pds3:clem:clementine:/cl_0036/lun164/laxxxxxx/laxxxxxv/laa0027v.164",
          "related": {
            "src": {
              "uri": "atlas:pds3:clem:clementine:/cl_0036/lun164/laxxxxxx/laxxxxxv/laa0027v.164",
              "size": 230432
            },
            "browse": {
              "uri": "atlas:pds3:clem:clementine:/cl_0036/extras/browse/lun164/laxxxxxx/laxxxxxv/laa0027v.164.jpeg"
            }
          },
          "release_id": 0
        },
        "index": 22,
        "directory": "22_image"
      },
      "23_image": {
        "type": "image",
        "item": {
          "uri": "atlas:pds3:clem:clementine:/cl_0036/lun164/laxxxxxx/laxxxxxv/laa0028v.164",
          "related": {
            "src": {
              "uri": "atlas:pds3:clem:clementine:/cl_0036/lun164/laxxxxxx/laxxxxxv/laa0028v.164",
              "size": 230432
            },
            "browse": {
              "uri": "atlas:pds3:clem:clementine:/cl_0036/extras/browse/lun164/laxxxxxx/laxxxxxv/laa0028v.164.jpeg"
            }
          },
          "release_id": 0
        },
        "index": 23,
        "directory": "23_image"
      },
      "24_image": {
        "type": "image",
        "item": {
          "uri": "atlas:pds3:clem:clementine:/cl_0036/lun164/laxxxxxx/laxxxxxv/laa0029v.164",
          "related": {
            "src": {
              "uri": "atlas:pds3:clem:clementine:/cl_0036/lun164/laxxxxxx/laxxxxxv/laa0029v.164",
              "size": 230432
            },
            "browse": {
              "uri": "atlas:pds3:clem:clementine:/cl_0036/extras/browse/lun164/laxxxxxx/laxxxxxv/laa0029v.164.jpeg"
            }
          },
          "release_id": 0
        },
        "index": 24,
        "directory": "24_image"
      },
      "25_image": {
        "type": "image",
        "item": {
          "uri": "atlas:pds3:clem:clementine:/cl_0036/lun164/laxxxxxx/laxxxxxv/laa0030v.164",
          "related": {
            "src": {
              "uri": "atlas:pds3:clem:clementine:/cl_0036/lun164/laxxxxxx/laxxxxxv/laa0030v.164",
              "size": 230432
            },
            "browse": {
              "uri": "atlas:pds3:clem:clementine:/cl_0036/extras/browse/lun164/laxxxxxx/laxxxxxv/laa0030v.164.jpeg"
            }
          },
          "release_id": 0
        },
        "index": 25,
        "directory": "25_image"
      },
      "26_image": {
        "type": "image",
        "item": {
          "uri": "atlas:pds3:clem:clementine:/cl_0036/lun164/laxxxxxx/laxxxxxv/laa0031v.164",
          "related": {
            "src": {
              "uri": "atlas:pds3:clem:clementine:/cl_0036/lun164/laxxxxxx/laxxxxxv/laa0031v.164",
              "size": 230432
            },
            "browse": {
              "uri": "atlas:pds3:clem:clementine:/cl_0036/extras/browse/lun164/laxxxxxx/laxxxxxv/laa0031v.164.jpeg"
            }
          },
          "release_id": "0"
        },
        "index": 26,
        "directory": "26_image"
      },
      "27_image": {
        "type": "image",
        "item": {
          "uri": "atlas:pds3:clem:clementine:/cl_0036/lun164/laxxxxxx/laxxxxxv/laa0032v.164",
          "related": {
            "src": {
              "uri": "atlas:pds3:clem:clementine:/cl_0036/lun164/laxxxxxx/laxxxxxv/laa0032v.164",
              "size": 230432
            },
            "browse": {
              "uri": "atlas:pds3:clem:clementine:/cl_0036/extras/browse/lun164/laxxxxxx/laxxxxxv/laa0032v.164.jpeg"
            }
          },
          "release_id": 0
        },
        "index": 27,
        "directory": "27_image"
      },
      "28_image": {
        "type": "image",
        "item": {
          "uri": "atlas:pds3:clem:clementine:/cl_0036/lun164/laxxxxxx/laxxxxxv/laa0033v.164",
          "related": {
            "src": {
              "uri": "atlas:pds3:clem:clementine:/cl_0036/lun164/laxxxxxx/laxxxxxv/laa0033v.164",
              "size": 230432
            },
            "browse": {
              "uri": "atlas:pds3:clem:clementine:/cl_0036/extras/browse/lun164/laxxxxxx/laxxxxxv/laa0033v.164.jpeg"
            }
          },
          "release_id": "0"
        },
        "index": 28,
        "directory": "28_image"
      },
      "29_image": {
        "type": "image",
        "item": {
          "uri": "atlas:pds3:clem:clementine:/cl_0036/lun164/laxxxxxx/laxxxxxv/laa0034v.164",
          "related": {
            "src": {
              "uri": "atlas:pds3:clem:clementine:/cl_0036/lun164/laxxxxxx/laxxxxxv/laa0034v.164",
              "size": 230432
            },
            "browse": {
              "uri": "atlas:pds3:clem:clementine:/cl_0036/extras/browse/lun164/laxxxxxx/laxxxxxv/laa0034v.164.jpeg"
            }
          },
          "release_id": 0
        },
        "index": 29,
        "directory": "29_image"
      },
      "30_image": {
        "type": "image",
        "item": {
          "uri": "atlas:pds3:clem:clementine:/cl_0036/lun164/laxxxxxx/laxxxxxv/laa0035v.164",
          "related": {
            "src": {
              "uri": "atlas:pds3:clem:clementine:/cl_0036/lun164/laxxxxxx/laxxxxxv/laa0035v.164",
              "size": 230432
            },
            "browse": {
              "uri": "atlas:pds3:clem:clementine:/cl_0036/extras/browse/lun164/laxxxxxx/laxxxxxv/laa0035v.164.jpeg"
            }
          },
          "release_id": "0"
        },
        "index": 30,
        "directory": "30_image"
      },
      "31_image": {
        "type": "image",
        "item": {
          "uri": "atlas:pds3:clem:clementine:/cl_0036/lun164/laxxxxxx/laxxxxxv/laa0036v.164",
          "related": {
            "src": {
              "uri": "atlas:pds3:clem:clementine:/cl_0036/lun164/laxxxxxx/laxxxxxv/laa0036v.164",
              "size": 230432
            },
            "browse": {
              "uri": "atlas:pds3:clem:clementine:/cl_0036/extras/browse/lun164/laxxxxxx/laxxxxxv/laa0036v.164.jpeg"
            }
          },
          "release_id": "0"
        },
        "index": 31,
        "directory": "31_image"
      },
      "32_image": {
        "type": "image",
        "item": {
          "uri": "atlas:pds3:clem:clementine:/cl_0036/lun164/laxxxxxx/laxxxxxv/laa0037v.164",
          "related": {
            "src": {
              "uri": "atlas:pds3:clem:clementine:/cl_0036/lun164/laxxxxxx/laxxxxxv/laa0037v.164",
              "size": 230432
            },
            "browse": {
              "uri": "atlas:pds3:clem:clementine:/cl_0036/extras/browse/lun164/laxxxxxx/laxxxxxv/laa0037v.164.jpeg"
            }
          },
          "release_id": "0"
        },
        "index": 32,
        "directory": "32_image"
      },
      "33_image": {
        "type": "image",
        "item": {
          "uri": "atlas:pds3:clem:clementine:/cl_0036/lun164/laxxxxxx/laxxxxxv/laa0038v.164",
          "related": {
            "src": {
              "uri": "atlas:pds3:clem:clementine:/cl_0036/lun164/laxxxxxx/laxxxxxv/laa0038v.164",
              "size": 230432
            },
            "browse": {
              "uri": "atlas:pds3:clem:clementine:/cl_0036/extras/browse/lun164/laxxxxxx/laxxxxxv/laa0038v.164.jpeg"
            }
          },
          "release_id": "0"
        },
        "index": 33,
        "directory": "33_image"
      },
      "34_image": {
        "type": "image",
        "item": {
          "uri": "atlas:pds3:clem:clementine:/cl_0036/lun164/laxxxxxx/laxxxxxv/laa0039v.164",
          "related": {
            "src": {
              "uri": "atlas:pds3:clem:clementine:/cl_0036/lun164/laxxxxxx/laxxxxxv/laa0039v.164",
              "size": 230432
            },
            "browse": {
              "uri": "atlas:pds3:clem:clementine:/cl_0036/extras/browse/lun164/laxxxxxx/laxxxxxv/laa0039v.164.jpeg"
            }
          },
          "release_id": 0
        },
        "index": 34,
        "directory": "34_image"
      },
      "35_image": {
        "type": "image",
        "item": {
          "uri": "atlas:pds3:clem:clementine:/cl_0036/lun164/laxxxxxx/laxxxxxv/laa0040v.164",
          "related": {
            "src": {
              "uri": "atlas:pds3:clem:clementine:/cl_0036/lun164/laxxxxxx/laxxxxxv/laa0040v.164",
              "size": 230432
            },
            "browse": {
              "uri": "atlas:pds3:clem:clementine:/cl_0036/extras/browse/lun164/laxxxxxx/laxxxxxv/laa0040v.164.jpeg"
            }
          },
          "release_id": "0"
        },
        "index": 35,
        "directory": "35_image"
      },
      "36_image": {
        "type": "image",
        "item": {
          "uri": "atlas:pds3:clem:clementine:/cl_0036/lun164/laxxxxxx/laxxxxxv/laa0041v.164",
          "related": {
            "src": {
              "uri": "atlas:pds3:clem:clementine:/cl_0036/lun164/laxxxxxx/laxxxxxv/laa0041v.164",
              "size": 230432
            },
            "browse": {
              "uri": "atlas:pds3:clem:clementine:/cl_0036/extras/browse/lun164/laxxxxxx/laxxxxxv/laa0041v.164.jpeg"
            }
          },
          "release_id": "0"
        },
        "index": 36,
        "directory": "36_image"
      },
      "37_image": {
        "type": "image",
        "item": {
          "uri": "atlas:pds3:clem:clementine:/cl_0036/lun164/laxxxxxx/laxxxxxv/laa0042v.164",
          "related": {
            "src": {
              "uri": "atlas:pds3:clem:clementine:/cl_0036/lun164/laxxxxxx/laxxxxxv/laa0042v.164",
              "size": 230432
            },
            "browse": {
              "uri": "atlas:pds3:clem:clementine:/cl_0036/extras/browse/lun164/laxxxxxx/laxxxxxv/laa0042v.164.jpeg"
            }
          },
          "release_id": 0
        },
        "index": 37,
        "directory": "37_image"
      },
      "38_image": {
        "type": "image",
        "item": {
          "uri": "atlas:pds3:clem:clementine:/cl_0036/lun164/laxxxxxx/laxxxxxv/laa0043v.164",
          "related": {
            "src": {
              "uri": "atlas:pds3:clem:clementine:/cl_0036/lun164/laxxxxxx/laxxxxxv/laa0043v.164",
              "size": 230432
            },
            "browse": {
              "uri": "atlas:pds3:clem:clementine:/cl_0036/extras/browse/lun164/laxxxxxx/laxxxxxv/laa0043v.164.jpeg"
            }
          },
          "release_id": 0
        },
        "index": 38,
        "directory": "38_image"
      },
      "39_image": {
        "type": "image",
        "item": {
          "uri": "atlas:pds3:clem:clementine:/cl_0036/lun164/laxxxxxx/laxxxxxv/laa0044v.164",
          "related": {
            "src": {
              "uri": "atlas:pds3:clem:clementine:/cl_0036/lun164/laxxxxxx/laxxxxxv/laa0044v.164",
              "size": 230432
            },
            "browse": {
              "uri": "atlas:pds3:clem:clementine:/cl_0036/extras/browse/lun164/laxxxxxx/laxxxxxv/laa0044v.164.jpeg"
            }
          },
          "release_id": 0
        },
        "index": 39,
        "directory": "39_image"
      },
      "40_image": {
        "type": "image",
        "item": {
          "uri": "atlas:pds3:clem:clementine:/cl_0036/lun164/laxxxxxx/laxxxxxv/laa0045v.164",
          "related": {
            "src": {
              "uri": "atlas:pds3:clem:clementine:/cl_0036/lun164/laxxxxxx/laxxxxxv/laa0045v.164",
              "size": 230431
            },
            "browse": {
              "uri": "atlas:pds3:clem:clementine:/cl_0036/extras/browse/lun164/laxxxxxx/laxxxxxv/laa0045v.164.jpeg"
            }
          },
          "release_id": 0
        },
        "index": 40,
        "directory": "40_image"
      },
      "41_image": {
        "type": "image",
        "item": {
          "uri": "atlas:pds3:clem:clementine:/cl_0036/lun164/laxxxxxx/laxxxxxv/laa0046v.164",
          "related": {
            "src": {
              "uri": "atlas:pds3:clem:clementine:/cl_0036/lun164/laxxxxxx/laxxxxxv/laa0046v.164",
              "size": 230431
            },
            "browse": {
              "uri": "atlas:pds3:clem:clementine:/cl_0036/extras/browse/lun164/laxxxxxx/laxxxxxv/laa0046v.164.jpeg"
            }
          },
          "release_id": "0"
        },
        "index": 41,
        "directory": "41_image"
      },
      "42_image": {
        "type": "image",
        "item": {
          "uri": "atlas:pds3:clem:clementine:/cl_0036/lun164/laxxxxxx/laxxxxxv/laa0047v.164",
          "related": {
            "src": {
              "uri": "atlas:pds3:clem:clementine:/cl_0036/lun164/laxxxxxx/laxxxxxv/laa0047v.164",
              "size": 230431
            },
            "browse": {
              "uri": "atlas:pds3:clem:clementine:/cl_0036/extras/browse/lun164/laxxxxxx/laxxxxxv/laa0047v.164.jpeg"
            }
          },
          "release_id": 0
        },
        "index": 42,
        "directory": "42_image"
      },
      "43_image": {
        "type": "image",
        "item": {
          "uri": "atlas:pds3:clem:clementine:/cl_0036/lun164/laxxxxxx/laxxxxxv/laa0048v.164",
          "related": {
            "src": {
              "uri": "atlas:pds3:clem:clementine:/cl_0036/lun164/laxxxxxx/laxxxxxv/laa0048v.164",
              "size": 230431
            },
            "browse": {
              "uri": "atlas:pds3:clem:clementine:/cl_0036/extras/browse/lun164/laxxxxxx/laxxxxxv/laa0048v.164.jpeg"
            }
          },
          "release_id": 0
        },
        "index": 43,
        "directory": "43_image"
      },
      "44_image": {
        "type": "image",
        "item": {
          "uri": "atlas:pds3:clem:clementine:/cl_0036/lun164/laxxxxxx/laxxxxxv/laa0049v.164",
          "related": {
            "src": {
              "uri": "atlas:pds3:clem:clementine:/cl_0036/lun164/laxxxxxx/laxxxxxv/laa0049v.164",
              "size": 230431
            },
            "browse": {
              "uri": "atlas:pds3:clem:clementine:/cl_0036/extras/browse/lun164/laxxxxxx/laxxxxxv/laa0049v.164.jpeg"
            }
          },
          "release_id": "0"
        },
        "index": 44,
        "directory": "44_image"
      },
      "45_image": {
        "type": "image",
        "item": {
          "uri": "atlas:pds3:clem:clementine:/cl_0036/lun164/laxxxxxx/laxxxxxv/laa0050v.164",
          "related": {
            "src": {
              "uri": "atlas:pds3:clem:clementine:/cl_0036/lun164/laxxxxxx/laxxxxxv/laa0050v.164",
              "size": 230431
            },
            "browse": {
              "uri": "atlas:pds3:clem:clementine:/cl_0036/extras/browse/lun164/laxxxxxx/laxxxxxv/laa0050v.164.jpeg"
            }
          },
          "release_id": "0"
        },
        "index": 45,
        "directory": "45_image"
      },
      "46_image": {
        "type": "image",
        "item": {
          "uri": "atlas:pds3:clem:clementine:/cl_0036/lun164/laxxxxxx/laxxxxxv/laa0051v.164",
          "related": {
            "src": {
              "uri": "atlas:pds3:clem:clementine:/cl_0036/lun164/laxxxxxx/laxxxxxv/laa0051v.164",
              "size": 230431
            },
            "browse": {
              "uri": "atlas:pds3:clem:clementine:/cl_0036/extras/browse/lun164/laxxxxxx/laxxxxxv/laa0051v.164.jpeg"
            }
          },
          "release_id": 0
        },
        "index": 46,
        "directory": "46_image"
      },
      "47_image": {
        "type": "image",
        "item": {
          "uri": "atlas:pds3:clem:clementine:/cl_0036/lun164/laxxxxxx/laxxxxxv/laa0052v.164",
          "related": {
            "src": {
              "uri": "atlas:pds3:clem:clementine:/cl_0036/lun164/laxxxxxx/laxxxxxv/laa0052v.164",
              "size": 230431
            },
            "browse": {
              "uri": "atlas:pds3:clem:clementine:/cl_0036/extras/browse/lun164/laxxxxxx/laxxxxxv/laa0052v.164.jpeg"
            }
          },
          "release_id": 0
        },
        "index": 47,
        "directory": "47_image"
      },
      "48_image": {
        "type": "image",
        "item": {
          "uri": "atlas:pds3:clem:clementine:/cl_0036/lun164/laxxxxxx/laxxxxxv/laa0053v.164",
          "related": {
            "src": {
              "uri": "atlas:pds3:clem:clementine:/cl_0036/lun164/laxxxxxx/laxxxxxv/laa0053v.164",
              "size": 230431
            },
            "browse": {
              "uri": "atlas:pds3:clem:clementine:/cl_0036/extras/browse/lun164/laxxxxxx/laxxxxxv/laa0053v.164.jpeg"
            }
          },
          "release_id": "0"
        },
        "index": 48,
        "directory": "48_image"
      },
      "49_image": {
        "type": "image",
        "item": {
          "uri": "atlas:pds3:clem:clementine:/cl_0036/lun164/laxxxxxx/laxxxxxv/laa0054v.164",
          "related": {
            "src": {
              "uri": "atlas:pds3:clem:clementine:/cl_0036/lun164/laxxxxxx/laxxxxxv/laa0054v.164",
              "size": 230431
            },
            "browse": {
              "uri": "atlas:pds3:clem:clementine:/cl_0036/extras/browse/lun164/laxxxxxx/laxxxxxv/laa0054v.164.jpeg"
            }
          },
          "release_id": 0
        },
        "index": 49,
        "directory": "49_image"
      },
      "50_image": {
        "type": "image",
        "item": {
          "uri": "atlas:pds3:clem:clementine:/cl_0036/lun164/laxxxxxx/laxxxxxv/laa0055v.164",
          "related": {
            "src": {
              "uri": "atlas:pds3:clem:clementine:/cl_0036/lun164/laxxxxxx/laxxxxxv/laa0055v.164",
              "size": 230431
            },
            "browse": {
              "uri": "atlas:pds3:clem:clementine:/cl_0036/extras/browse/lun164/laxxxxxx/laxxxxxv/laa0055v.164.jpeg"
            }
          },
          "release_id": "0"
        },
        "index": 50,
        "directory": "50_image"
      },
      "51_image": {
        "type": "image",
        "item": {
          "uri": "atlas:pds3:clem:clementine:/cl_0036/lun164/laxxxxxx/laxxxxxv/laa0056v.164",
          "related": {
            "src": {
              "uri": "atlas:pds3:clem:clementine:/cl_0036/lun164/laxxxxxx/laxxxxxv/laa0056v.164",
              "size": 230431
            },
            "browse": {
              "uri": "atlas:pds3:clem:clementine:/cl_0036/extras/browse/lun164/laxxxxxx/laxxxxxv/laa0056v.164.jpeg"
            }
          },
          "release_id": 0
        },
        "index": 51,
        "directory": "51_image"
      },
      "52_image": {
        "type": "image",
        "item": {
          "uri": "atlas:pds3:clem:clementine:/cl_0036/lun164/laxxxxxx/laxxxxxv/laa0057v.164",
          "related": {
            "src": {
              "uri": "atlas:pds3:clem:clementine:/cl_0036/lun164/laxxxxxx/laxxxxxv/laa0057v.164",
              "size": 230431
            },
            "browse": {
              "uri": "atlas:pds3:clem:clementine:/cl_0036/extras/browse/lun164/laxxxxxx/laxxxxxv/laa0057v.164.jpeg"
            }
          },
          "release_id": 0
        },
        "index": 52,
        "directory": "52_image"
      }
    }
  }
}